Unnamed: 0,state_code,latitude,longitude,zip_code,id,city,Unnamed: 6,name,labels,founded_at,closed_at,first_funding_at,last_funding_at,age_first_funding_year,age_last_funding_year,age_first_milestone_year,age_last_milestone_year,relationships,funding_rounds,funding_total_usd,milestones,state_code.1,is_CA,is_NY,is_MA,is_TX,is_otherstate,category_code,is_software,is_web,is_mobile,is_enterprise,is_advertising,is_gamesvideo,is_ecommerce,is_biotech,is_consulting,is_othercategory,object_id,has_VC,has_angel,has_roundA,has_roundB,has_roundC,has_roundD,avg_participants,is_top500,status
1001,CA,32.901049,-117.192656,92121,c:65620,San Diego,San Diego CA 92121,Plixi,1,3/18/2009,,3/30/2010,3/30/2010,1.0329,1.0329,1.4575,2.2055,5,1,2600000,2,CA,1,0,0,0,0,web,0,1,0,0,0,0,0,0,0,0,c:65620,0,0,1,0,0,0,4.0,1,acquired
738,CA,37.320309,-122.05004,95014,c:42668,Cupertino,Cupertino CA 95014,Solidcore Systems,1,1/1/2002,,2/17/2005,4/25/2007,3.1315,5.3151,6.0027,6.0027,5,3,40000000,1,CA,1,0,0,0,0,software,1,0,0,0,0,0,0,0,0,0,c:42668,0,0,0,1,1,1,3.3333,1,acquired
195,CA,37.3915589,-122.0702643,94041,c:16191,Mountain View,,RingCube Technologies,1,1/1/2005,,9/21/2006,3/18/2010,1.7205,5.211,3.0,6.6082,6,3,26000000,2,CA,1,0,0,0,0,software,1,0,0,0,0,0,0,0,0,0,c:16191,1,0,1,1,0,0,1.6667,1,acquired
846,CA,37.427235,-122.145783,94306,c:498,Palo Alto,,Doostang,1,6/1/2005,,2/1/2007,2/5/2010,1.6712,4.6849,2.9178,6.1151,14,3,5750000,4,CA,1,0,0,0,0,web,0,1,0,0,0,0,0,0,0,0,c:498,1,1,1,0,0,0,1.0,1,acquired
685,CA,37.4429885,-122.1624131,94025,c:3949,Menlo Park,,Zong,1,11/15/2000,,7/1/2005,4/26/2010,4.6274,9.4493,10.1342,10.6493,22,3,27500000,3,CA,1,0,0,0,0,mobile,0,0,1,0,0,0,0,0,0,0,c:3949,0,0,1,1,0,0,1.0,1,acquired
835,CA,37.452992,-122.185098,94025,c:4829,Menlo Park,,Center'd,0,1/1/2006,12/2/2011,2/1/2007,5/3/2011,1.0849,5.3370000000000015,-0.6164,4.6082,8,5,10400000,2,CA,1,0,0,0,0,web,0,1,0,0,0,0,0,0,0,0,c:4829,1,1,1,0,0,0,1.75,1,closed
858,NY,40.730646,-73.986614,10004,c:50727,New York,New York NY 10004,SinglePlatform,1,1/1/2010,,9/29/2010,8/1/2011,0.7425,1.5808,1.2849,3.0027,10,3,4575000,3,NY,0,1,0,0,0,web,0,1,0,0,0,0,0,0,0,0,c:50727,0,1,1,0,0,0,5.0,1,acquired
177,CA,37.426316,-122.141082,94306,c:15888,Palo Alto,,Neopolitan Networks,0,1/1/2002,7/25/2008,6/28/2007,6/28/2007,5.4904,5.4904,0.0,0.0,1,1,3170000,1,CA,1,0,0,0,0,web,0,1,0,0,0,0,0,0,0,0,c:15888,0,0,1,0,0,0,2.0,0,closed
26,CA,37.764395,-122.401024,94103,c:10751,San Francisco,,Pixelpipe,0,1/1/2008,8/2/2013,1/1/2007,4/25/2011,-1.0,3.3151,3.6959,5.6629999999999985,4,2,2300000,3,CA,1,0,0,0,0,mobile,0,0,1,0,0,0,0,0,0,0,c:10751,0,1,1,0,0,0,2.0,0,closed
145,CA,37.779281,-122.419236,94105,c:150658,San Francisco,San Francisco CA 94105,Karma,1,1/1/2011,,1/1/2011,11/14/2011,0.0,0.8685,0.4137,2.1671,3,2,2304999,2,CA,1,0,0,0,0,mobile,0,0,1,0,0,0,0,0,0,0,c:150658,1,0,0,0,0,0,5.0,1,acquired
785,NY,40.73901,-73.997259,10011,c:45111,New York,New York NY 10011,Entertainment Media Works,0,7/1/2004,10/1/2008,2/26/2007,2/26/2007,2.6575,2.6575,0.0,0.0,1,1,4000000,1,NY,0,1,0,0,0,software,1,0,0,0,0,0,0,0,0,0,c:45111,0,0,0,1,0,0,1.0,1,closed
562,CA,37.791137,-122.391843,94111,c:3178,San Francisco,,Elastra,0,1/1/2007,1/28/2011,8/15/2007,8/5/2008,0.6192,1.5945,1.0,4.3315,8,2,14600000,3,CA,1,0,0,0,0,software,1,0,0,0,0,0,0,0,0,0,c:3178,0,0,1,1,0,0,2.0,1,closed
207,CA,37.36883,-122.03635,94085,c:16303,Sunnyvale,Sunnyvale CA 94085,NetDevices,1,1/1/2003,,8/16/2005,8/16/2005,2.6247,2.6247,,,4,1,25000000,0,CA,1,0,0,0,0,software,1,0,0,0,0,0,0,0,0,0,c:16303,0,0,0,1,0,0,5.0,1,acquired
1010,CA,37.779281,-122.419236,94607,c:68157,San Francisco,San Francisco CA 94607,Appstores.com,1,5/24/2010,,8/1/2010,8/1/2011,0.189,1.189,1.3562,1.6575,6,2,1155000,2,CA,1,0,0,0,0,software,1,0,0,0,0,0,0,0,0,0,c:68157,0,1,0,0,0,0,9.5,1,acquired
403,CA,37.560781,-122.284114,94404,c:2395,San Mateo,,Fortify Software,1,10/1/2002,,12/15/2005,12/15/2005,3.2082,3.2082,5.2548,7.8822,11,1,10000000,2,CA,1,0,0,0,0,software,1,0,0,0,0,0,0,0,0,0,c:2395,0,0,0,0,0,1,2.0,1,acquired
666,CA,37.658313,-122.391032,94080,c:38220,South San Francisco,South San Francisco CA 94080,iCurrent,1,1/1/2006,,8/1/2008,8/1/2008,2.5836,2.5836,2.0,2.0,5,1,3000000,1,CA,1,0,0,0,0,web,0,1,0,0,0,0,0,0,0,0,c:38220,0,0,1,0,0,0,1.0,1,acquired
768,CA,37.441537,-122.158332,94301,c:43948,Palo Alto,Palo Alto CA 94301,Transparency Software,0,1/1/2004,1/1/2009,3/9/2005,7/1/2007,1.1863,3.4986,,,0,2,12050000,0,CA,1,0,0,0,0,software,1,0,0,0,0,0,0,0,0,0,c:43948,1,0,1,0,0,0,2.0,1,closed
445,CA,37.402773,-122.052551,94089,c:25827,Sunnyvale,,Virsto Software,1,7/1/2007,,6/26/2009,8/25/2011,1.989,4.1534,2.8986,5.2575,10,3,24000000,4,CA,1,0,0,0,0,software,1,0,0,0,0,0,0,0,0,0,c:25827,0,0,1,1,0,0,3.3333,1,acquired
20,CA,37.7870923,-122.3999719,94105,c:10581,San Francisco,,Lolapps,1,1/1/2008,,9/5/2008,9/5/2008,0.6795,0.6795,2.9178,4.2274,15,1,4000000,3,CA,1,0,0,0,0,web,0,1,0,0,0,0,0,0,0,0,c:10581,0,0,1,0,0,0,3.0,1,acquired
315,CA,37.3492097,-122.0326019,94087,c:190214,Sunnyvale,,Behavio,1,6/12/2012,,6/1/2012,6/1/2012,-0.0301,-0.0301,0.13699999999999998,0.13699999999999998,3,1,355000,1,CA,1,0,0,0,0,software,1,0,0,0,0,0,0,0,0,0,c:190214,0,1,0,0,0,0,1.0,0,acquired
810,CA,37.54827,-121.988572,94538,c:46186,Fremont,Fremont CA 94538,Mendocino Software,0,1/1/2003,2/7/2008,9/12/2005,1/1/2007,2.6986,4.0027,1.0,1.0,2,2,19700000,1,CA,1,0,0,0,0,software,1,0,0,0,0,0,0,0,0,0,c:46186,1,0,0,1,0,0,4.0,1,closed
744,CA,37.354469,-121.990433,95051,c:43162,Santa Clara,Santa Clara CA 95051,QuikCycle,0,1/1/1998,1/1/2011,3/1/2007,3/12/2007,9.1671,9.1973,,,0,2,17800000,0,CA,1,0,0,0,0,software,1,0,0,0,0,0,0,0,0,0,c:43162,1,0,0,0,0,0,1.0,1,closed
943,CA,37.779281,-122.419236,94105,c:58944,San Francisco,San Francisco CA 94105,MoPub,1,9/9/2010,,9/1/2010,9/20/2012,-0.0219,2.0329,2.3151,3.1644,11,4,18500000,3,CA,1,0,0,0,0,mobile,0,0,1,0,0,0,0,0,0,0,c:58944,0,1,1,1,0,0,2.25,1,acquired
541,CA,34.043948,-118.468204,90025,c:3080,Los Angeles,,DailyStrength,1,4/1/2006,,5/18/2007,5/18/2007,1.1288,1.1288,1.0,2.6767,7,1,5000000,2,CA,1,0,0,0,0,web,0,1,0,0,0,0,0,0,0,0,c:3080,0,0,1,0,0,0,1.0,1,acquired
242,CA,37.779281,-122.419236,94105,c:16938,San Francisco,San Francisco CA 94105,BookFresh,1,1/1/2007,,7/28/2009,7/28/2009,2.5726,2.5726,2.4795,4.6685,7,1,500000,2,CA,1,0,0,0,0,web,0,1,0,0,0,0,0,0,0,0,c:16938,0,1,0,0,0,0,5.0,1,acquired
811,CA,37.748676,-122.415813,94110,c:4622,San Francisco,,Aardvark,1,7/1/2007,9/1/2011,1/1/2007,10/1/2008,-0.4959,1.2548,2.1726,4.6,21,2,6000000,2,CA,1,0,0,0,0,web,0,1,0,0,0,0,0,0,0,0,c:4622,0,1,1,0,0,0,4.0,1,acquired
1149,CA,37.758062,-122.418642,94110,c:9772,San Francisco,,Fluther,1,1/1/2007,,9/21/2009,9/21/2009,2.7233,2.7233,0.9151,6.3096,5,1,600000,3,CA,1,0,0,0,0,web,0,1,0,0,0,0,0,0,0,0,c:9772,0,1,0,0,0,0,7.0,1,acquired
187,CA,34.01052,-118.495981,60401,c:1612,Santa Monica,,Goodreads,1,1/15/2007,,11/1/2007,12/9/2009,0.7945,2.9014,3.0493,6.5233,11,2,2750000,3,CA,1,0,0,0,0,web,0,1,0,0,0,0,0,0,0,0,c:1612,0,1,1,0,0,0,4.0,1,acquired
618,CA,37.779281,-122.419236,94103,c:35236,San Francisco,San Francisco CA 94103,Chomp,1,9/9/2009,,11/1/2009,3/11/2010,0.1452,0.5014,0.4959,3.011,10,2,2565000,3,CA,1,0,0,0,0,mobile,0,0,1,0,0,0,0,0,0,0,c:35236,0,1,1,0,0,0,3.5,1,acquired
881,NY,40.750519,-73.993494,10001,c:52566,New York,New York NY 10001,Fondu,1,2/1/2010,,11/1/2011,11/1/2011,1.7479,1.7479,1.0,2.1096,4,1,575000,2,NY,0,1,0,0,0,web,0,1,0,0,0,0,0,0,0,0,c:52566,0,1,0,0,0,0,6.0,0,acquired
299,NY,40.762674,-73.9821315,10019,c:18075,New York,,TheMarkets,1,1/1/2000,,7/12/2007,7/12/2007,7.5315,7.5315,10.7342,10.7342,2,1,30000000,1,NY,0,1,0,0,0,web,0,1,0,0,0,0,0,0,0,0,c:18075,1,0,0,0,0,0,5.0,1,acquired
58,CA,37.55911,-122.303493,95054,c:12173,Santa Clara,,Sentrigo,1,10/1/2006,,5/8/2007,12/21/2010,0.6,4.2247,-0.7479,4.4767,9,3,9500000,2,CA,1,0,0,0,0,software,1,0,0,0,0,0,0,0,0,0,c:12173,0,0,1,1,1,0,2.0,1,acquired
206,CA,37.783171,-122.392901,94107-4132,c:16289,San Francisco,,Arch Rock Corporation,1,1/1/2005,,10/1/2005,5/2/2007,0.7479,2.3315,2.0,2.0,6,2,15000000,1,CA,1,0,0,0,0,software,1,0,0,0,0,0,0,0,0,0,c:16289,0,0,1,1,0,0,3.0,1,acquired
158,CA,37.400367,-121.985711,95054,c:15562,Santa Clara,,Plusmo,1,6/1/2006,,5/1/2008,5/1/2008,1.9178,1.9178,2.0027,2.0027,4,1,4410000,1,CA,1,0,0,0,0,mobile,0,0,1,0,0,0,0,0,0,0,c:15562,0,0,1,0,0,0,1.0,1,acquired
1085,CA,37.788653,-122.401333,94105,c:8100,San Francisco,,Involver,1,1/1/2007,,9/2/2008,10/14/2010,1.6712,3.7863,4.6685,5.6849,11,3,11040000,2,CA,1,0,0,0,0,software,1,0,0,0,0,0,0,0,0,0,c:8100,0,0,1,1,1,0,2.5,1,acquired
639,NY,40.73901,-73.997259,10011,c:3686,New York,New York NY 10011,Game Trust,1,1/1/2002,,6/1/2005,11/15/2005,3.4164,3.874,7.7534,7.7534,3,2,9000000,1,NY,0,1,0,0,0,software,1,0,0,0,0,0,0,0,0,0,c:3686,1,0,0,1,0,0,4.0,1,acquired
327,CA,37.55818,-122.276454,94404,c:196,Foster City,,Visible Path,1,1/1/2002,,3/1/2006,3/1/2006,4.1644,4.1644,5.5836,11.3918,5,2,24700000,5,CA,1,0,0,0,0,web,0,1,0,0,0,0,0,0,0,0,c:196,0,0,1,1,0,0,4.0,1,acquired
87,CA,34.03423370000001,-118.4536137,90025,c:13277,Los Angeles,,GetBack,0,9/1/2007,11/22/2010,11/6/2008,11/6/2008,1.1836,1.1836,0.9178,0.9178,1,1,1700000,1,CA,1,0,0,0,0,web,0,1,0,0,0,0,0,0,0,0,c:13277,0,0,1,0,0,0,1.0,0,closed
985,CA,37.835676,-122.263548,94609,c:63217,Oakland,Oakland CA 94609,Slipstream,0,6/1/2010,5/1/2013,8/31/2010,8/31/2010,0.2493,0.2493,0.0,0.7781,1,1,20000,2,CA,1,0,0,0,0,web,0,1,0,0,0,0,0,0,0,0,c:63217,0,1,0,0,0,0,1.0,0,closed
432,CA,37.5541073,-121.9756765,94538,c:2534,Fremont,,HipLogic,1,1/1/2005,,2/8/2008,12/2/2009,3.1041,4.9205,5.0027,8.3534,10,2,11500000,5,CA,1,0,0,0,0,mobile,0,0,1,0,0,0,0,0,0,0,c:2534,0,0,1,1,0,0,2.5,1,acquired
882,CA,38.279431,-122.668452,94954,c:5264,Petaluma,,Dilithium Networks,0,1/1/2001,10/1/2012,4/23/2003,6/3/2010,2.3068,9.4247,4.4986,11.4164,12,7,98170000,3,CA,1,0,0,0,0,mobile,0,0,1,0,0,0,0,0,0,0,c:5264,1,0,0,1,1,1,5.2,1,closed
937,CA,37.7824533,-122.3879489,94107,c:58512,San Francisco,,Yobongo,1,1/1/2010,,3/23/2011,3/23/2011,1.2219,1.2219,0.7479,2.6849,2,1,1350000,3,CA,1,0,0,0,0,web,0,1,0,0,0,0,0,0,0,0,c:58512,0,1,0,0,0,0,10.0,1,acquired
601,CA,37.36883,-122.03635,94085,c:34028,Sunnyvale,Sunnyvale CA 94085,LikeList,0,1/1/2008,12/6/2012,12/15/2009,12/15/2009,1.9562,1.9562,1.0027,1.0027,5,1,5000000,1,CA,1,0,0,0,0,web,0,1,0,0,0,0,0,0,0,0,c:34028,0,0,1,0,0,0,1.0,0,closed
828,CA,37.404788,-121.940842,95134,c:47587,San Jose,San Jose CA 95134,Infineta Systems,0,1/1/2008,1/1/2012,5/7/2010,6/6/2011,2.3479,3.4301,2.3562,4.0027,4,2,30000000,2,CA,1,0,0,0,0,software,1,0,0,0,0,0,0,0,0,0,c:47587,0,0,1,1,0,0,2.5,1,closed
709,NY,40.730646,-73.986614,10013,c:40782,New York,New York NY 10013,Vizibility,1,7/1/2009,,3/24/2010,2/6/2013,0.7288,3.6055,1.589,4.1041,5,5,4705910,3,NY,0,1,0,0,0,mobile,0,0,1,0,0,0,0,0,0,0,c:40782,1,1,0,0,0,0,3.0,1,acquired
30,NY,40.743808,-73.983626,10016,c:1088,New York,,Tumblr,1,2/1/2007,,10/31/2007,1/1/2012,0.7452,4.9178,3.0438,6.8411,30,6,125250000,5,NY,0,1,0,0,0,web,0,1,0,0,0,0,0,0,0,0,c:1088,1,0,1,1,1,1,3.5,1,acquired
502,CA,37.777741,-122.412198,94104,c:28428,San Francisco,,Recurve,1,8/1/2005,,9/23/2008,6/17/2010,3.1479,4.8795,5.0027,5.0027,5,2,14000000,1,CA,1,0,0,0,0,software,1,0,0,0,0,0,0,0,0,0,c:28428,1,0,1,0,0,0,2.0,1,acquired
569,CA,37.512318,-122.20091399999998,94063,c:3187,Redwood City,,Replay Solutions,1,1/1/2004,,12/5/2006,8/18/2008,2.9288,4.6329,,,13,2,15200000,0,CA,1,0,0,0,0,software,1,0,0,0,0,0,0,0,0,0,c:3187,0,0,1,1,0,0,2.0,1,acquired
216,NY,40.728425,-73.999882,10012,c:164922,New York,New York NY 10012,Turf Geography Club,0,1/1/2011,2/1/2013,8/15/2011,8/2/2012,0.6192,1.5863,,,2,2,890000,0,NY,0,1,0,0,0,mobile,0,0,1,0,0,0,0,0,0,0,c:164922,0,1,0,0,0,0,3.0,1,closed
1090,CA,37.779281,-122.419236,94108,c:81886,San Francisco,San Francisco CA 94108,skyrockit,0,1/1/2001,4/1/2012,7/12/2011,7/12/2011,10.5315,10.5315,,,0,1,2600000,0,CA,1,0,0,0,0,mobile,0,0,1,0,0,0,0,0,0,0,c:81886,1,0,0,0,0,0,1.0,1,closed
46,CA,34.147047,-118.148896,91101,c:11507,Pasadena,,Cramster,1,1/1/2002,,9/25/2008,4/14/2010,6.737,8.2877,6.7534,6.7534,5,2,9000000,1,CA,1,0,0,0,0,web,0,1,0,0,0,0,0,0,0,0,c:11507,0,0,1,1,0,0,1.0,0,acquired
286,CA,37.43841079999999,-121.9240273,95035,c:17775,Milpitas,,OpVista,0,1/1/2000,8/1/2009,6/22/2006,5/7/2007,6.4767,7.3507,5.0055,5.0055,2,2,43000000,1,CA,1,0,0,0,0,software,1,0,0,0,0,0,0,0,0,0,c:17775,0,0,0,0,1,1,1.0,1,closed
115,CA,37.775196,-122.419204,94105,c:144,San Francisco,,Metaweb Technologies,1,1/1/2005,,3/1/2006,1/15/2008,1.1616,3.0384,3.2658,5.5397,7,2,57000000,2,CA,1,0,0,0,0,web,0,1,0,0,0,0,0,0,0,0,c:144,0,0,1,1,0,0,3.5,1,acquired
81,CA,37.78811500000001,-122.397141,94105,c:13046,San Francisco,,DocVerse,1,9/1/2007,,7/23/2008,7/23/2008,0.8932,0.8932,0.8329,4.2137,8,1,1300000,4,CA,1,0,0,0,0,web,0,1,0,0,0,0,0,0,0,0,c:13046,0,1,0,0,0,0,4.0,1,acquired
691,CA,37.778613,-122.395289,94404,c:3962,San Mateo,,GuardianEdge Technologies,1,1/1/2002,,6/6/2005,7/23/2007,3.4301,5.5589,7.8384,7.8384,10,3,19500000,1,CA,1,0,0,0,0,software,1,0,0,0,0,0,0,0,0,0,c:3962,0,0,1,1,0,0,3.3333,1,acquired
196,CA,34.019657,-118.487549,90405,c:162116,Santa Monica,Santa Monica CA 90405,Gradient X,1,1/1/2012,,6/20/2012,6/20/2012,0.4685,0.4685,1.1041,1.6795,5,1,3750000,3,CA,1,0,0,0,0,mobile,0,0,1,0,0,0,0,0,0,0,c:162116,0,0,0,0,0,0,9.0,1,acquired
363,CA,37.76690900000001,-122.406676,94103,c:220,San Francisco,,Flixster,1,1/20/2006,,2/1/2006,4/4/2008,0.0329,2.2055,4.5151,6.9123,12,3,7175000,6,CA,1,0,0,0,0,web,0,1,0,0,0,0,0,0,0,0,c:220,0,1,1,1,0,0,2.6667,1,acquired
894,CA,37.793148,-122.402567,94104,c:54,San Francisco,,Wesabe,0,12/1/2005,6/30/2010,2/1/2007,6/1/2007,1.1699,1.4986,0.0849,5.3863,3,2,4700000,4,CA,1,0,0,0,0,web,0,1,0,0,0,0,0,0,0,0,c:54,0,1,1,0,0,0,1.5,1,closed
587,CA,33.97279,-118.427578,90094,c:3288,Playa Vista,Playa Vista CA 90094,WebVisible,0,1/1/2001,10/1/2011,9/1/2005,2/11/2010,4.6685,9.1178,9.7534,12.8027,33,3,37000000,4,CA,1,0,0,0,0,software,1,0,0,0,0,0,0,0,0,0,c:3288,0,0,1,1,1,0,1.3333,1,closed
7,CA,37.7983181,-122.4000032,94111,c:10179,San Francisco,,GoodGuide,1,12/1/2007,,1/19/2009,8/26/2011,1.137,3.737,2.463,3.2164,14,3,14229998,3,CA,1,0,0,0,0,web,0,1,0,0,0,0,0,0,0,0,c:10179,0,0,1,1,0,0,3.0,1,acquired
426,CA,34.142973,-118.140553,91105,c:25132,Pasadena,,FastSoft,1,1/1/2006,,6/11/2007,9/4/2012,1.4411,6.6795,2.0,2.0,7,4,5965000,1,CA,1,0,0,0,0,software,1,0,0,0,0,0,0,0,0,0,c:25132,1,0,1,0,0,0,1.0,0,acquired
1032,CA,37.465645,-121.932202,94538,c:72,Fremont,,GrandCentral,1,4/1/2006,,1/1/2006,1/1/2006,-0.2466,-0.2466,-0.4082,7.4548,9,1,4000000,4,CA,1,0,0,0,0,mobile,0,0,1,0,0,0,0,0,0,0,c:72,0,0,1,0,0,0,1.0,0,acquired
523,NY,40.7566658,-73.9827553,10036,c:2972,New York,,Giant Realm,1,1/1/2007,,3/1/2008,5/8/2008,1.1644,1.3507,1.3507,3.3315,13,2,5500000,2,NY,0,1,0,0,0,web,0,1,0,0,0,0,0,0,0,0,c:2972,0,0,1,0,0,0,2.0,1,acquired
267,CA,36.9397206,-121.7768449,95019-2901,c:17512,Freedom,,Appscio,0,1/1/2006,1/1/2011,3/20/2007,1/3/2009,1.2137,3.0082,,,4,2,7000000,0,CA,1,0,0,0,0,software,1,0,0,0,0,0,0,0,0,0,c:17512,0,0,1,0,0,0,2.0,0,closed
437,NY,40.723652,-73.985281,10016,c:2566,New York,,Kluster,1,1/1/2008,,1/1/2008,1/1/2008,0.0,0.0,3.5918,4.3260000000000005,0,1,1000000,2,NY,0,1,0,0,0,web,0,1,0,0,0,0,0,0,0,0,c:2566,0,1,0,0,0,0,1.0,1,acquired
770,NY,37.480999,-122.173887,10016,c:44,New York,,Jingle Networks,1,9/1/2005,,10/1/2005,12/28/2009,0.0822,4.3260000000000005,3.663,5.6110000000000015,12,7,88651133,5,NY,0,1,0,0,0,mobile,0,0,1,0,0,0,0,0,0,0,c:44,1,1,1,1,1,1,3.1667,1,acquired
708,CA,37.424298,-122.139809,94306,c:40762,Palo Alto,Palo Alto CA 94306,Immunet Corporation,1,7/1/2008,,11/1/2009,11/1/2009,1.337,1.337,1.3479,1.3479,3,1,2000000,1,CA,1,0,0,0,0,software,1,0,0,0,0,0,0,0,0,0,c:40762,0,0,1,0,0,0,2.0,1,acquired
383,CA,37.779281,-122.419236,94105,c:23098,San Francisco,San Francisco CA 94105,Miyowa,1,4/14/2003,,9/4/2006,5/8/2008,3.3945,5.0712,5.7233,8.7342,3,2,11725600,2,CA,1,0,0,0,0,mobile,0,0,1,0,0,0,0,0,0,0,c:23098,0,0,1,1,0,0,2.0,1,acquired
552,CA,37.780883,-122.395257,94107,c:314,San Francisco,,Reddit,1,1/1/2005,,6/1/2005,6/1/2005,0.4137,0.4137,6.8329,8.874,9,1,100000,3,CA,1,0,0,0,0,web,0,1,0,0,0,0,0,0,0,0,c:314,0,1,0,0,0,0,1.0,1,acquired
825,CA,37.566009,-122.321646,94401,c:47270,San Mateo,San Mateo CA 94401,Offermatic,0,2/1/2010,6/1/2013,12/1/2010,3/9/2011,0.8301,1.0986,1.1014,1.1616,6,2,4500000,2,CA,1,0,0,0,0,web,0,1,0,0,0,0,0,0,0,0,c:47270,0,1,1,0,0,0,3.0,1,closed
1004,CA,37.4027811,-122.1441615,94304,c:6592,Palo Alto,,Hyperic,1,1/1/2004,,5/10/2006,6/5/2007,2.3562,3.4274,3.0027,5.3425,4,2,9900000,2,CA,1,0,0,0,0,software,1,0,0,0,0,0,0,0,0,0,c:6592,0,0,1,1,0,0,2.0,1,acquired
22,CA,34.005914000000004,-118.488129,90034,c:10610,Los Angeles,,Geodelic Systems,0,1/1/2008,1/1/2011,12/1/2008,9/23/2010,0.9178,2.7288,2.4164,2.7288,8,3,10500000,3,CA,1,0,0,0,0,mobile,0,0,1,0,0,0,0,0,0,0,c:10610,1,0,1,1,0,0,2.0,1,closed
1014,CA,34.019657,-118.487549,90401,c:68470,Santa Monica,Santa Monica CA 90401,BlockBeacon,1,1/1/2012,,6/21/2012,6/21/2012,0.4712,0.4712,0.0,0.9178,12,1,500000,2,CA,1,0,0,0,0,web,0,1,0,0,0,0,0,0,0,0,c:68470,0,1,0,0,0,0,1.0,0,acquired
8,CA,37.390501,-122.081151,94041,c:10197,Mountain View,,PostPath,1,1/1/2003,,12/7/2004,1/16/2007,1.9342,4.0438,2.0027,10.189,2,2,24300000,3,CA,1,0,0,0,0,web,0,1,0,0,0,0,0,0,0,0,c:10197,0,0,0,1,1,0,2.5,1,acquired
75,CA,37.384239,-122.012475,94085,c:1284,Sunnyvale,,Minekey,0,1/1/2005,8/18/2012,12/1/2006,8/1/2007,1.9151,2.5808,2.0,6.9178,10,2,3600000,3,CA,1,0,0,0,0,web,0,1,0,0,0,0,0,0,0,0,c:1284,0,1,1,0,0,0,1.0,0,closed
954,CA,37.424298,-122.139809,94306,c:59709,Palo Alto,Palo Alto CA 94306,CafeBots,0,1/1/2010,10/1/2010,10/21/2010,10/21/2010,0.8027,0.8027,0.0,1.411,5,1,5000000,2,CA,1,0,0,0,0,web,0,1,0,0,0,0,0,0,0,0,c:59709,0,0,1,0,0,0,1.0,1,closed
50,CA,32.897274,-117.201076,92121,c:11888,San Diego,,Avaak,1,1/1/2004,,10/3/2008,3/22/2010,4.7589,6.2247,3.6685,6.2247,2,2,17000000,2,CA,1,0,0,0,0,mobile,0,0,1,0,0,0,0,0,0,0,c:11888,0,0,1,1,0,0,3.5,1,acquired
988,NY,40.73901,-73.997259,10011,c:63621,NY,NY NY 10011,Lifestander,0,9/1/2010,6/1/2013,10/2/2010,10/2/2010,0.0849,0.0849,0.0,0.0,1,1,31000,1,NY,0,1,0,0,0,web,0,1,0,0,0,0,0,0,0,0,c:63621,0,1,0,0,0,0,2.0,0,closed
425,CA,37.451026,-122.18676,94025,c:251,Menlo Park,,Jaxtr,1,10/1/2005,,7/1/2007,6/23/2008,1.7479,2.7288,1.7479,6.1452,16,3,21500000,4,CA,1,0,0,0,0,mobile,0,0,1,0,0,0,0,0,0,0,c:251,0,0,1,1,0,0,3.3333,1,acquired
247,NY,37.402802,-122.117418,10004,c:1704,New York,,TravelMuse,1,4/16/2007,,5/1/2007,6/1/2009,0.0411,2.1288,1.7562,4.874,9,3,5600000,4,NY,0,1,0,0,0,web,0,1,0,0,0,0,0,0,0,0,c:1704,0,0,1,1,0,0,2.0,1,acquired
566,CA,37.7885714,-122.40359850000002,94108,c:3185,San Francisco,,kwiry,0,1/1/2006,4/23/2009,3/20/2008,3/20/2008,2.2164,2.2164,0.7479,3.4164,5,1,1000000,4,CA,1,0,0,0,0,mobile,0,0,1,0,0,0,0,0,0,0,c:3185,0,0,1,0,0,0,1.0,1,closed
1123,CA,34.090368,-118.393064,90069,c:9,West Hollywood,,Geni,1,6/1/2006,,1/1/2007,1/19/2009,0.5863,2.6384,3.5425,6.0712,13,3,16500000,4,CA,1,0,0,0,0,web,0,1,0,0,0,0,0,0,0,0,c:9,0,0,1,1,1,0,1.3333,1,acquired
597,NY,40.70438220000001,-73.98657170000001,10010,c:339,New York,,Outside.in,1,8/1/2006,,2/1/2007,12/8/2009,0.5041,3.3562,3.4219,7.2274,9,5,14400000,5,NY,0,1,0,0,0,web,0,1,0,0,0,0,0,0,0,0,c:339,0,1,1,1,0,0,5.8,1,acquired
311,CA,37.4233698,-122.09868590000002,94303,c:18897,Palo Alto,,Punch Entertainment,0,5/10/2005,4/16/2012,2/27/2006,2/27/2006,0.8027,0.8027,5.3151,5.3151,4,1,1200000,1,CA,1,0,0,0,0,software,1,0,0,0,0,0,0,0,0,0,c:18897,0,0,1,0,0,0,1.0,0,closed
753,NY,40.729839,-73.991781,10003,c:43416,New York,New York NY 10003,Stickybits,0,1/1/2009,8/1/2012,3/9/2010,5/19/2010,1.1836,1.3781,1.3288,3.1096,7,2,1900000,2,NY,0,1,0,0,0,web,0,1,0,0,0,0,0,0,0,0,c:43416,0,1,1,0,0,0,2.5,1,closed
495,NY,40.730646,-73.986614,10013,c:28162,New York,New York NY 10013,lifeIO,0,8/29/2006,3/3/2012,8/29/2008,8/29/2008,2.0027,2.0027,,,4,1,500000,0,NY,0,1,0,0,0,web,0,1,0,0,0,0,0,0,0,0,c:28162,0,1,0,0,0,0,5.0,0,closed
959,NY,40.757929,-73.985506,10010,c:6011,New York,,Pinch Media,1,4/1/2008,,5/1/2008,1/6/2010,0.0822,1.7671,0.3014,5.0082,6,3,560001,5,NY,0,1,0,0,0,software,1,0,0,0,0,0,0,0,0,0,c:6011,1,1,0,0,0,0,3.5,1,acquired
111,CA,37.40909600000001,-121.94319099999998,95134,c:14036,San Jose,,WiChorus,1,1/1/2005,,12/22/2005,11/4/2008,0.9726,3.8438,2.0,2.0,18,4,42500000,1,CA,1,0,0,0,0,mobile,0,0,1,0,0,0,0,0,0,0,c:14036,1,0,1,1,1,0,2.5,1,acquired
820,NY,40.730646,-73.986614,10005,c:46901,New York,New York NY 10005,easy2comply (Dynasec),1,1/1/2002,,10/2/2007,10/2/2007,5.7534,5.7534,8.0055,9.8356,4,1,1000000,2,NY,0,1,0,0,0,software,1,0,0,0,0,0,0,0,0,0,c:46901,0,0,1,0,0,0,3.0,1,acquired
298,CA,38.88521,-76.998641,94107,c:18056,San Francisco,,Socialize,1,7/1/2008,,11/1/2011,6/7/2012,3.337,3.937,-2.4986,4.7205,5,3,1820000,4,CA,1,0,0,0,0,mobile,0,0,1,0,0,0,0,0,0,0,c:18056,0,1,0,0,0,0,1.0,0,acquired
124,CA,37.862592,-122.493561,94939,c:14608,Larkspur,,mFoundry,1,1/1/2004,,3/21/2006,12/5/2011,2.2192,7.9315,1.6685,9.0904,7,3,40300000,5,CA,1,0,0,0,0,mobile,0,0,1,0,0,0,0,0,0,0,c:14608,1,0,0,1,1,0,4.0,1,acquired
784,CA,37.779281,-122.419236,94108,c:44976,San Francisco,San Francisco CA 94108,Crowdcast,1,1/1/2007,,6/10/2010,6/10/2010,3.4411,3.4411,4.0027,5.7178,6,1,6000000,2,CA,1,0,0,0,0,software,1,0,0,0,0,0,0,0,0,0,c:44976,0,0,1,0,0,0,2.0,1,acquired
869,CA,37.779281,-122.419236,94103,c:51332,San Francisco,San Francisco CA 94103,Storify,1,12/11/2009,,7/1/2009,2/3/2011,-0.4466,1.1479,3.0603,3.7479,14,3,2023000,2,CA,1,0,0,0,0,web,0,1,0,0,0,0,0,0,0,0,c:51332,0,1,1,0,0,0,1.3333,1,acquired
1041,CA,37.424298,-122.139809,94306,c:73586,Palo Alto,Palo Alto CA 94306,Onavo,1,1/1/2010,,5/1/2011,1/24/2012,1.3288,2.063,3.2493,3.7836,11,2,13000000,2,CA,1,0,0,0,0,mobile,0,0,1,0,0,0,0,0,0,0,c:73586,0,0,1,1,0,0,3.0,1,acquired
576,CA,37.386778,-121.966277,95054,c:32011,Santa Clara,Santa Clara CA 95054,Accept Software,1,1/1/2002,,9/16/2005,12/14/2010,3.7096,8.9562,4.0027,4.0027,7,4,25305000,1,CA,1,0,0,0,0,software,1,0,0,0,0,0,0,0,0,0,c:32011,1,0,1,1,1,0,2.0,1,acquired
368,CA,37.444531,-122.163352,94301,c:22203,Palo Alto,,Milo,1,1/1/2008,,11/1/2008,11/24/2009,0.8356,1.8986,2.3014,3.8356,21,2,4950000,3,CA,1,0,0,0,0,web,0,1,0,0,0,0,0,0,0,0,c:22203,0,1,1,0,0,0,12.5,1,acquired
19,CA,37.37968400000001,-121.97514,95054,c:10512,Santa Clara,,Mimosa Systems,1,8/29/2003,,12/5/2005,1/12/2010,2.2712,6.3781,,,8,6,53816776,0,CA,1,0,0,0,0,software,1,0,0,0,0,0,0,0,0,0,c:10512,1,0,0,1,1,1,5.0,1,acquired
18,NY,37.809782,-122.417306,10003,c:105,New York,,Surphace,1,6/1/2005,,4/1/2005,5/1/2006,-0.1671,0.9151,2.674,8.3836,15,2,3500000,4,NY,0,1,0,0,0,web,0,1,0,0,0,0,0,0,0,0,c:105,0,0,1,1,0,0,5.5,1,acquired
966,CA,34.01695,-118.451933,90405,c:6049,Santa Monica,,TeleFlip,0,1/1/2004,1/1/2008,8/1/2006,1/1/2008,2.5836,4.0027,2.0301,4.6164,5,2,4900000,3,CA,1,0,0,0,0,mobile,0,0,1,0,0,0,0,0,0,0,c:6049,0,0,1,1,0,0,1.0,1,closed
95,CA,37.381876,-121.95993,95054,c:13681,Santa Clara,,SkyPilot Networks,1,1/1/2000,,1/1/2001,4/1/2008,1.0027,8.2548,,,6,4,68400000,0,CA,1,0,0,0,0,mobile,0,0,1,0,0,0,0,0,0,0,c:13681,1,0,1,0,1,1,4.0,1,acquired
360,CA,37.779281,-122.419236,94103,c:21762,San Francisco,San Francisco CA 94103,Zencoder,1,1/1/2007,,2/1/2010,4/12/2011,3.0877,4.2795,3.6356,4.6685,7,2,2000000,2,CA,1,0,0,0,0,software,1,0,0,0,0,0,0,0,0,0,c:21762,0,1,1,0,0,0,8.5,1,acquired
1152,NY,40.73901,-73.997259,10011,c:9822,New York,New York NY 10011,DailyBurn,1,10/1/2007,,5/1/2008,5/26/2009,0.5836,1.6521,0.6329,4.263,6,2,540000,2,NY,0,1,0,0,0,web,0,1,0,0,0,0,0,0,0,0,c:9822,0,1,0,0,0,0,2.5,1,acquired
650,NY,40.750519,-73.993494,10001,c:37635,New York,New York NY 10001,Venmo,1,4/4/2009,,5/7/2010,8/1/2011,1.0904,2.326,2.8301,4.6904,8,2,1200000,2,NY,0,1,0,0,0,mobile,0,0,1,0,0,0,0,0,0,0,c:37635,0,1,1,0,0,0,6.0,1,acquired
585,CA,32.88945,-117.166929,92121,c:3267,San Diego,,Tapioca Mobile,0,1/1/2008,7/9/2012,9/1/2007,3/25/2008,-0.3342,0.2301,,,5,2,5000000,0,CA,1,0,0,0,0,mobile,0,0,1,0,0,0,0,0,0,0,c:3267,1,1,0,0,0,0,1.0,1,closed
1067,NY,40.728425,-73.999882,10012,c:77139,New York,New York NY 10012,BestVendor,1,1/1/2011,,3/18/2011,2/1/2012,0.2082,1.0849,0.1616,2.6521,3,4,4200000,3,NY,0,1,0,0,0,software,1,0,0,0,0,0,0,0,0,0,c:77139,0,1,1,0,0,0,3.0,1,acquired
1080,CA,37.222698,-121.979887,95030,c:80259,Los Gatos,Los Gatos CA 95030,Eyeona,0,1/1/2011,11/1/2012,10/10/2011,10/10/2011,0.7726,0.7726,0.3123,1.1479,3,1,2000000,2,CA,1,0,0,0,0,web,0,1,0,0,0,0,0,0,0,0,c:80259,0,0,0,0,0,0,1.0,0,closed
300,CA,37.561111,-122.27048700000002,94404,c:18080,Foster City,,Etology,0,6/1/2005,12/25/2011,11/13/2006,11/13/2006,1.4521,1.4521,,,0,1,4000000,0,CA,1,0,0,0,0,web,0,1,0,0,0,0,0,0,0,0,c:18080,0,0,1,0,0,0,3.0,0,closed
914,CA,37.391642,-122.09393500000002,94040,c:55592,Mountain View,Mountain View CA 94040,Wander (f. YongoPal),0,1/1/2010,7/1/2013,4/1/2010,1/1/2011,0.2466,1.0,1.1616,1.1616,3,5,185000,1,CA,1,0,0,0,0,mobile,0,0,1,0,0,0,0,0,0,0,c:55592,1,1,0,0,0,0,2.0,1,closed
886,CA,34.066697,-118.383367,90211,c:53304,Beverly Hills,Beverly Hills CA 90211,GeekStatus,0,8/1/2010,6/1/2013,2/10/2009,6/12/2010,-1.4712,-0.13699999999999998,,,0,4,435953,0,CA,1,0,0,0,0,web,0,1,0,0,0,0,0,0,0,0,c:53304,0,1,0,0,0,0,1.0,0,closed
972,CA,38.223032,-122.261642,94558,c:6150,Napa,,Inertia Beverage Group,0,10/22/2004,1/16/2013,4/2/2007,1/1/2012,2.4438,7.1973,-2.0575,6.8767,6,3,25500100,3,CA,1,0,0,0,0,software,1,0,0,0,0,0,0,0,0,0,c:6150,1,0,0,1,0,0,2.5,1,closed
808,CA,37.779281,-122.419236,94103,c:46129,San Francisco,San Francisco CA 94103,Sponge,1,1/1/2010,,4/19/2010,4/19/2010,0.2959,0.2959,1.5863,1.6658,3,1,400000,2,CA,1,0,0,0,0,web,0,1,0,0,0,0,0,0,0,0,c:46129,0,1,0,0,0,0,1.0,1,acquired
257,CA,37.393679,-122.079017,94041,c:173,Mountain View,,Meebo,1,2/1/2005,,10/1/2005,12/20/2010,0.6629999999999999,5.8849,6.211,8.6082,29,5,70000000,4,CA,1,0,0,0,0,web,0,1,0,0,0,0,0,0,0,0,c:173,0,0,1,1,1,1,2.8,1,acquired
922,CA,37.441537,-122.158332,94301,c:56580,Palo Alto,Palo Alto CA 94301,Generic Media,0,1/1/2000,1/28/2011,8/26/2005,8/26/2005,5.6548,5.6548,,,0,1,2500000,0,CA,1,0,0,0,0,software,1,0,0,0,0,0,0,0,0,0,c:56580,1,0,0,0,0,0,2.0,1,closed
677,CA,37.779281,-122.419236,94110,c:38794,San Francisco,San Francisco CA 94110,Hello Chair,0,1/1/2006,7/1/2013,6/1/2007,4/12/2010,1.4137,4.2795,1.3288,5.1836,5,2,889999,2,CA,1,0,0,0,0,mobile,0,0,1,0,0,0,0,0,0,0,c:38794,1,1,0,0,0,0,3.5,1,closed
933,CA,37.573045,-122.2823,94404,c:58018,Foster City,Foster City CA 94404,Encentuate,1,1/1/2001,,3/22/2005,3/22/2005,4.2219,4.2219,3.0,3.0,6,1,16000000,1,CA,1,0,0,0,0,software,1,0,0,0,0,0,0,0,0,0,c:58018,0,0,0,1,0,0,3.0,1,acquired
1133,CA,37.762185,-122.467269,94104,c:921,San Francisco,,Consorte Media,1,7/1/2005,,12/1/2007,12/1/2007,2.4192,2.4192,2.5041,8.3973,5,1,7000000,4,CA,1,0,0,0,0,web,0,1,0,0,0,0,0,0,0,0,c:921,0,0,0,1,0,0,2.0,1,acquired
864,CA,34.018275,-118.495025,90401,c:512,Santa Monica,,Docstoc,1,8/1/2007,,11/1/2007,4/28/2008,0.2521,0.7425,4.2082,6.3479,22,2,4000000,4,CA,1,0,0,0,0,web,0,1,0,0,0,0,0,0,0,0,c:512,0,0,1,1,0,0,3.0,1,acquired
444,CA,37.7611016,-122.4160008,94110,c:25808,San Francisco,,TwtBks,0,6/20/2009,3/3/2012,6/26/2009,6/26/2009,0.0164,0.0164,,,3,1,25000,0,CA,1,0,0,0,0,web,0,1,0,0,0,0,0,0,0,0,c:25808,0,1,0,0,0,0,1.0,0,closed
337,CA,37.484347,-122.225803,94063,c:20117,Redwood City,Redwood City CA 94063,Zenprise,1,1/1/2003,,6/6/2005,1/1/2012,2.4301,9.0055,8.5781,10.0137,10,6,64630000,3,CA,1,0,0,0,0,mobile,0,0,1,0,0,0,0,0,0,0,c:20117,1,0,0,1,1,0,3.6667,1,acquired
14,CA,40.787878000000006,-74.388207,94402,c:10398,San Mateo,,Picateers,0,1/1/2005,11/1/2011,1/1/2006,8/25/2008,1.0,3.6493,3.4986,3.4986,10,2,12100000,1,CA,1,0,0,0,0,web,0,1,0,0,0,0,0,0,0,0,c:10398,0,0,1,1,0,0,1.0,1,closed
132,CA,37.779281,-122.419236,94111,c:14854,San Francisco,San Francisco CA 94111,Vontu,1,1/1/2001,,3/21/2005,8/11/2006,4.2192,5.6110000000000015,5.0027,5.0027,9,2,20000000,1,CA,1,0,0,0,0,software,1,0,0,0,0,0,0,0,0,0,c:14854,0,0,0,0,1,1,4.5,1,acquired
1056,NY,40.750519,-73.993494,10001,c:76274,New York,New York NY 10001,Sonar.me,0,1/1/2010,7/17/2013,1/1/2012,1/1/2012,2.0,2.0,1.0274,3.1644,8,1,200000,3,NY,0,1,0,0,0,mobile,0,0,1,0,0,0,0,0,0,0,c:76274,0,1,0,0,0,0,2.0,1,closed
564,CA,37.391727,-122.077597,94041,c:3180,Mountain View,,Krillion,1,5/1/2006,,6/14/2006,6/14/2006,0.1205,0.1205,-0.2438,5.263,6,1,9150000,2,CA,1,0,0,0,0,web,0,1,0,0,0,0,0,0,0,0,c:3180,0,0,1,0,0,0,2.0,1,acquired
805,CA,34.054935,-118.244476,90064,c:46042,Los Angeles,Los Angeles CA 90064,NextMedium,0,1/1/2004,12/24/2011,2/1/2005,7/24/2006,1.0877,2.5616,4.0027,4.0027,7,2,9500000,1,CA,1,0,0,0,0,software,1,0,0,0,0,0,0,0,0,0,c:46042,0,0,1,1,0,0,2.5,1,closed
518,CA,37.426316,-122.141082,94306,c:2953,Palo Alto,,Kapow Software,1,1/1/2005,,2/1/2005,1/13/2010,0.0849,5.0356,1.8329,1.8329,10,3,19743770,1,CA,1,0,0,0,0,software,1,0,0,0,0,0,0,0,0,0,c:2953,0,0,0,1,1,0,2.5,1,acquired
438,CA,37.382162,-122.036301,94086,c:25688,Sunnyvale,,Azingo,0,1/1/2005,8/11/2009,10/1/2006,7/18/2008,1.7479,3.5452,2.0,2.0,4,2,80000000,1,CA,1,0,0,0,0,mobile,0,0,1,0,0,0,0,0,0,0,c:25688,0,0,1,1,0,0,1.0,0,closed
468,CA,37.387845,-122.055197,94089,c:27,Sunnyvale,,Plaxo,1,11/17/2002,,11/1/2002,2/1/2007,-0.0438,4.211,6.4164,9.0658,27,4,28300000,4,CA,1,0,0,0,0,web,0,1,0,0,0,0,0,0,0,0,c:27,0,0,1,1,1,1,2.5,1,acquired
325,CA,37.550954,-122.315396,94303,c:1957,Palo Alto,,Sharetivity,0,7/7/2007,11/11/2012,5/1/2006,5/1/2006,-1.1836,-1.1836,0.8301,0.8301,1,1,2000000,1,CA,1,0,0,0,0,web,0,1,0,0,0,0,0,0,0,0,c:1957,0,0,0,0,0,0,1.0,0,closed
942,NY,40.730646,-73.986614,10018,c:58699,New York City,New York City NY 10018,Hashable,0,1/1/2010,7/25/2012,11/22/2010,11/22/2010,0.8904,0.8904,1.3288,2.526,15,1,4000000,2,NY,0,1,0,0,0,mobile,0,0,1,0,0,0,0,0,0,0,c:58699,0,0,1,0,0,0,3.0,1,closed
1025,NY,40.650104,-73.94958199999998,11201,c:70893,Brooklyn,Brooklyn NY 11201,Loosecubes,0,1/1/2010,1/1/2012,1/1/2010,6/5/2012,0.0,2.4274,2.4274,2.4986,8,2,9030000,2,NY,0,1,0,0,0,web,0,1,0,0,0,0,0,0,0,0,c:70893,0,1,1,0,0,0,4.0,1,closed
366,CA,37.4484914,-122.1802812,94025,c:22113,Menlo Park,,Factery,0,4/1/2009,1/17/2013,9/10/2009,9/10/2009,0.4438,0.4438,0.8192,0.8192,2,1,1200000,1,CA,1,0,0,0,0,web,0,1,0,0,0,0,0,0,0,0,c:22113,1,0,0,0,0,0,2.0,1,closed
819,CA,34.054935,-118.244476,90039,c:46893,Los Angeles,Los Angeles CA 90039,HeadCase Humanufacturing,0,1/1/2006,1/1/2012,8/28/2006,8/28/2006,0.6548,0.6548,,,3,1,900000,0,CA,1,0,0,0,0,software,1,0,0,0,0,0,0,0,0,0,c:46893,0,0,1,0,0,0,1.0,1,closed
203,CA,37.486368,-122.230116,94063,c:1628,Redwood City,,Qik,1,6/1/2006,,4/9/2008,1/6/2011,1.8575,4.6027,3.9178,6.4301,15,4,14800000,3,CA,1,0,0,0,0,mobile,0,0,1,0,0,0,0,0,0,0,c:1628,1,0,0,1,1,0,2.25,1,acquired
779,CA,34.172904,-118.37403700000002,91601,c:4453,North Hollywood,North Hollywood CA 91601,EQAL,1,4/1/2008,,4/16/2008,5/23/2011,0.0411,3.1425,1.8466,4.4877,30,2,6875000,5,CA,1,0,0,0,0,web,0,1,0,0,0,0,0,0,0,0,c:4453,1,0,1,0,0,0,7.0,1,acquired
545,NY,40.743808,-73.983626,10010,c:3094,New York,,Next New Networks,1,3/1/2007,,1/1/2007,12/29/2010,-0.1616,3.8329,3.0027,4.7014,16,4,27063781,4,NY,0,1,0,0,0,web,0,1,0,0,0,0,0,0,0,0,c:3094,0,0,1,1,1,0,3.5,1,acquired
202,CA,37.430025,-122.09998,94043,c:16276,Mountain View,,Sensory Networks,1,1/1/2003,,10/10/2005,1/1/2008,2.7753,5.0027,4.1644,10.7534,2,3,17400000,2,CA,1,0,0,0,0,web,0,1,0,0,0,0,0,0,0,0,c:16276,1,0,0,0,1,0,5.0,1,acquired
710,CA,37.491356,-122.228843,94025,c:410,Menlo Park,,Flock,1,1/1/2005,,1/1/2005,5/21/2008,0.0,3.3863,5.3973,8.7123,17,5,28300000,4,CA,1,0,0,0,0,web,0,1,0,0,0,0,0,0,0,0,c:410,0,1,1,1,1,1,2.0,1,acquired
741,CA,37.391642,-122.09393500000002,94040,c:431,Mountain View,Mountain View CA 94040,TimeBridge,1,5/1/2005,,7/5/2005,5/11/2009,0.1781,4.0301,3.674,7.2438,6,3,12400000,4,CA,1,0,0,0,0,web,0,1,0,0,0,0,0,0,0,0,c:431,1,0,1,1,0,0,1.6667,1,acquired
761,CA,37.779281,-122.419236,94105,c:43832,San Francisco,San Francisco CA 94105,Loyalty Lab,1,1/1/2003,,3/22/2005,4/29/2010,2.2219,7.3288,7.0055,7.0055,4,3,11000000,1,CA,1,0,0,0,0,software,1,0,0,0,0,0,0,0,0,0,c:43832,1,1,0,1,0,0,1.6667,1,acquired
1144,CA,37.3725243,-122.035963,94086,c:9669,Sunnyvale,,ZManda,1,1/1/2005,,1/1/2005,5/22/2007,0.0,2.3863,,,5,2,13000000,0,CA,1,0,0,0,0,software,1,0,0,0,0,0,0,0,0,0,c:9669,0,0,1,1,0,0,2.5,1,acquired
43,CA,37.79402,-122.4031242,94111,c:11438,San Francisco,,PicApp,1,1/1/2008,,9/17/2008,9/17/2008,0.7123,0.7123,1.5836,3.0027,5,1,3200000,3,CA,1,0,0,0,0,web,0,1,0,0,0,0,0,0,0,0,c:11438,0,0,1,0,0,0,1.0,1,acquired
796,CA,37.538352,-122.299665,94403,c:45428,San Mateo,San Mateo CA 94403,Composite Software,1,1/1/2002,,1/1/2002,10/24/2012,0.0,10.8192,9.5863,9.5863,28,3,14650003,1,CA,1,0,0,0,0,software,1,0,0,0,0,0,0,0,0,0,c:45428,0,1,0,0,0,1,1.0,0,acquired
210,CA,37.7710177,-122.4025976,94110,c:16365,San Francisco,,Terracotta,1,1/1/2003,,2/27/2006,9/1/2008,3.1589,5.6712,9.0055,9.0055,9,2,23500000,1,CA,1,0,0,0,0,software,1,0,0,0,0,0,0,0,0,0,c:16365,1,0,0,1,0,0,5.0,1,acquired
1038,CA,37.453687,-122.228595,94401,c:732,San Mateo,,Attributor,1,10/1/2005,,1/28/2006,6/10/2010,0.326,4.6932,3.2548,4.6932,13,4,25200000,3,CA,1,0,0,0,0,software,1,0,0,0,0,0,0,0,0,0,c:732,0,0,1,1,1,1,4.0,1,acquired
306,CA,37.552262,-122.292146,94403,c:1853,San Mateo,,Greenplum Software,1,6/1/2003,,3/1/2006,1/1/2008,2.7507,4.589,7.9205,9.211,21,4,61000000,2,CA,1,0,0,0,0,software,1,0,0,0,0,0,0,0,0,0,c:1853,0,0,1,1,1,0,3.0,1,acquired
269,CA,37.4587657,-122.1725191,94025,c:17542,Menlo Park,,Intelliden,1,1/1/2000,,12/21/2005,5/22/2007,5.9753,7.3918,4.0027,4.0027,5,3,80000000,1,CA,1,0,0,0,0,software,1,0,0,0,0,0,0,0,0,0,c:17542,1,0,0,0,0,1,4.0,1,acquired
773,CA,37.288326,-121.945633,95008-2069,c:44268,Campbell,Campbell CA 95008-2069,Forrst,1,1/25/2010,,3/24/2011,3/24/2011,1.1589,1.1589,-0.0658,2.9616,3,1,205000,3,CA,1,0,0,0,0,web,0,1,0,0,0,0,0,0,0,0,c:44268,0,1,0,0,0,0,7.0,1,acquired
374,CA,37.566123,-122.323045,94401,c:2272,San Mateo,,Smalltown,0,1/15/2005,1/4/2010,11/1/2005,11/1/2005,0.7945,0.7945,2.0466,3.326,7,1,4000000,4,CA,1,0,0,0,0,web,0,1,0,0,0,0,0,0,0,0,c:2272,0,0,1,0,0,0,1.0,0,closed
856,CA,37.406914,-122.09037,94043,c:5043,Mountain View,Mountain View CA 94043,Skyrider,0,1/1/2003,10/15/2008,10/23/2006,3/5/2008,3.811,5.1781,1.7507,3.589,2,2,17000000,2,CA,1,0,0,0,0,software,1,0,0,0,0,0,0,0,0,0,c:5043,1,0,0,0,1,0,3.0,1,closed
729,NY,40.750519,-73.993494,10001,c:42193,New York,New York NY 10001,SkillSlate,1,1/1/2009,,10/20/2010,10/20/2010,1.8,1.8,1.9151,1.9151,8,1,1100000,1,NY,0,1,0,0,0,web,0,1,0,0,0,0,0,0,0,0,c:42193,0,1,0,0,0,0,8.0,1,acquired
12,CA,37.424298,-122.139809,94306,c:103204,Palo Alto,Palo Alto CA 94306,PlayerDuel,0,1/1/2011,5/1/2013,9/5/2011,6/13/2012,0.6767,1.4493,0.0,0.0,2,2,21189,1,CA,1,0,0,0,0,mobile,0,0,1,0,0,0,0,0,0,0,c:103204,1,1,0,0,0,0,1.0,1,closed
915,CA,37.386778,-121.966277,95054,c:55829,Santa Clara,Santa Clara CA 95054,PANTA Systems,0,1/1/2002,2/14/2011,5/1/2005,5/1/2005,3.3315,3.3315,,,0,1,9500000,0,CA,1,0,0,0,0,software,1,0,0,0,0,0,0,0,0,0,c:55829,1,0,0,0,0,0,2.0,0,closed
236,NY,40.730646,-73.986614,10012,c:167795,NYC,NYC NY 10012,spotdock,0,11/15/2011,6/1/2013,1/10/2012,1/10/2012,0.1534,0.1534,,,4,1,600000,0,NY,0,1,0,0,0,web,0,1,0,0,0,0,0,0,0,0,c:167795,0,1,0,0,0,0,2.0,0,closed
851,CA,37.406914,-122.09037,94043,c:50076,Mountain View,Mountain View CA 94043,Clever Sense,1,4/11/2008,,6/17/2010,8/1/2011,2.1836,3.3068,2.7260000000000004,3.5425,6,2,2000000,2,CA,1,0,0,0,0,web,0,1,0,0,0,0,0,0,0,0,c:50076,1,0,1,0,0,0,1.5,1,acquired
188,CA,37.386665,-122.084171,94040,c:1613,Mountain View,,Ribbit,1,2/23/2005,,10/1/2006,12/17/2007,1.6027,2.8137,3.4301,7.411,14,2,11000000,3,CA,1,0,0,0,0,mobile,0,0,1,0,0,0,0,0,0,0,c:1613,0,0,1,1,0,0,2.0,1,acquired
791,CA,37.386778,-121.966277,95054,c:45339,Santa Clara,Santa Clara CA 95054,Azaire Networks,0,1/1/2003,12/29/2011,8/25/2006,8/25/2006,3.6493,3.6493,,,2,1,21000000,0,CA,1,0,0,0,0,software,1,0,0,0,0,0,0,0,0,0,c:45339,0,0,0,0,1,0,4.0,1,closed
990,CA,37.779281,-122.419236,94105,c:63731,San Francisco,San Francisco CA 94105,Weatherista,0,8/16/2010,9/1/2012,8/15/2010,8/15/2010,-0.0027,-0.0027,0.0356,0.0356,2,1,500000,1,CA,1,0,0,0,0,web,0,1,0,0,0,0,0,0,0,0,c:63731,0,1,0,0,0,0,1.0,0,closed
887,CA,37.409147,-122.01546299999998,94089,c:5347,Sunnyvale,,VirtualLogix,1,1/1/2002,,1/1/2004,1/12/2010,2.0,8.0356,6.5863,6.5863,9,4,29288979,1,CA,1,0,0,0,0,software,1,0,0,0,0,0,0,0,0,0,c:5347,1,0,1,1,1,0,2.6667,1,acquired
62,CA,37.351894,-122.085807,94024,c:1223,Los Altos,,SezWho,1,10/1/2006,,10/1/2007,10/1/2007,1.0,1.0,1.2521,5.2548,4,1,1000000,3,CA,1,0,0,0,0,web,0,1,0,0,0,0,0,0,0,0,c:1223,0,0,1,0,0,0,1.0,0,acquired
499,CA,37.4063024,-122.1088743,94040,c:28403,Mountain View,,HighlightCam,0,7/27/2009,10/30/2013,6/1/2009,11/29/2011,-0.1534,2.3425,0.063,1.5836,8,2,3000000,3,CA,1,0,0,0,0,mobile,0,0,1,0,0,0,0,0,0,0,c:28403,0,1,1,0,0,0,3.5,1,closed
74,CA,37.391642,-122.09393500000002,94040,c:1283,Mountain View,Mountain View CA 94040,MerchantCircle,1,10/1/2005,,6/5/2006,9/1/2007,0.6767,1.9178,4.9781,6.6548,13,2,14300000,3,CA,1,0,0,0,0,web,0,1,0,0,0,0,0,0,0,0,c:1283,0,0,1,1,0,0,4.5,1,acquired
146,CA,37.417002,-122.07871000000002,94043,c:15122,Mountain View,,Kace networks,1,1/1/2003,,7/25/2005,5/22/2006,2.5644,3.389,8.1452,8.1452,7,2,11000000,1,CA,1,0,0,0,0,software,1,0,0,0,0,0,0,0,0,0,c:15122,1,0,0,1,0,0,1.5,1,acquired
844,CA,40.234451,-111.658656,94103,c:4961,San Francisco,,Zinch,1,2/1/2007,,12/1/2007,10/20/2009,0.8301,2.7178,4.2466,4.7918,17,2,5000000,2,CA,1,0,0,0,0,web,0,1,0,0,0,0,0,0,0,0,c:4961,1,1,0,0,0,0,1.0,1,acquired
238,CA,37.404044,-121.978956,95054,c:16874,Santa Clara,,BroadLight,1,6/1/2000,,11/17/2005,9/11/2007,5.4658,7.2822,10.5918,10.5918,5,3,27000000,1,CA,1,0,0,0,0,software,1,0,0,0,0,0,0,0,0,0,c:16874,0,0,0,0,0,1,6.0,1,acquired
684,CA,37.779281,-122.419236,94133,c:39399,San Francisco,San Francisco CA 94133,Sweepery,0,8/1/2008,6/29/2011,9/1/2008,12/1/2009,0.0849,1.3342,,,6,2,500000,0,CA,1,0,0,0,0,software,1,0,0,0,0,0,0,0,0,0,c:39399,0,0,0,0,0,0,1.0,1,closed
850,CA,37.626166,-122.411025,94066,c:49960,San Bruno,San Bruno CA 94066,SocialShield,1,9/1/2009,,10/5/2010,10/5/2010,1.0932,1.0932,1.6137,2.1671,6,1,10000000,2,CA,1,0,0,0,0,software,1,0,0,0,0,0,0,0,0,0,c:49960,0,0,1,0,0,0,7.0,1,acquired
82,CA,37.384717,-122.081625,94040,c:1309,Mountain View,,Loopt,1,1/1/2005,,6/1/2005,5/3/2010,0.4137,5.3370000000000015,5.5205,7.189,21,4,32006000,3,CA,1,0,0,0,0,mobile,0,0,1,0,0,0,0,0,0,0,c:1309,0,1,1,1,1,0,1.6667,1,acquired
334,CA,37.775196,-122.419204,94103,c:200,San Francisco,,Seesmic,1,6/1/2007,,11/1/2007,2/1/2011,0.4192,3.674,0.8932,5.2767,24,3,16000000,4,CA,1,0,0,0,0,web,0,1,0,0,0,0,0,0,0,0,c:200,0,0,1,1,1,0,5.6667,1,acquired
205,CA,32.7154,-117.1565,92128,c:16285,San Diego,,ID Analytics,1,1/1/2002,,5/1/2002,5/16/2007,0.3288,5.3726,9.0055,9.0055,9,3,35150000,1,CA,1,0,0,0,0,web,0,1,0,0,0,0,0,0,0,0,c:16285,0,0,1,1,1,0,3.0,1,acquired
113,CA,37.782103,-122.401116,94108,c:142,San Francisco,,Bebo,1,1/6/2005,,5/1/2006,5/1/2006,1.3151,1.3151,6.4658,8.8411,30,1,15000000,3,CA,1,0,0,0,0,web,0,1,0,0,0,0,0,0,0,0,c:142,0,0,1,0,0,0,1.0,1,acquired
2,NY,40.745064,-73.992637,10001,c:101312,New York,,SideTour,1,6/1/2011,,7/1/2011,3/25/2013,0.0822,1.8164,1.0849,2.3014,7,3,4000000,2,NY,0,1,0,0,0,web,0,1,0,0,0,0,0,0,0,0,c:101312,0,1,1,0,0,0,2.0,1,acquired
533,CA,37.441537,-122.158332,94301,c:30343,Palo Alto,Palo Alto CA 94301,ShopWell,1,1/1/2008,,2/22/2010,12/20/2012,2.1452,4.9726,2.3671,2.7123,4,5,7939553,2,CA,1,0,0,0,0,web,0,1,0,0,0,0,0,0,0,0,c:30343,1,0,0,1,0,0,2.0,1,acquired
91,CA,37.336191,-121.890583,95110,c:13465,San Jose,San Jose CA 95110,Cassatt,1,1/1/2003,,3/1/2006,3/1/2006,3.1644,3.1644,2.0027,2.0027,6,1,15000000,1,CA,1,0,0,0,0,software,1,0,0,0,0,0,0,0,0,0,c:13465,0,0,0,0,0,1,3.0,1,acquired
341,NY,40.738567,-73.987199,10007,c:20313,New York,,SpaBooker,1,11/1/2007,,1/1/2008,10/1/2011,0.1671,3.9178,0.0,2.9178,8,2,14700000,2,NY,0,1,0,0,0,software,1,0,0,0,0,0,0,0,0,0,c:20313,0,1,1,0,0,0,4.0,1,acquired
957,CA,37.4233896,-122.08995120000002,94043,c:60,Mountain View,,Jajah,1,1/1/2005,,3/1/2006,3/1/2009,1.1616,4.1644,3.0,8.9205,19,4,33000000,4,CA,1,0,0,0,0,mobile,0,0,1,0,0,0,0,0,0,0,c:60,0,0,1,1,1,1,1.3333,1,acquired
1057,CA,37.779281,-122.419236,92606,c:763,San Francisco,San Francisco CA 92606,WooMe,1,12/1/2000,,4/1/2007,6/12/2008,6.3342,7.5342,7.1726,10.9315,8,3,17400000,3,CA,1,0,0,0,0,web,0,1,0,0,0,0,0,0,0,0,c:763,0,0,1,1,0,0,2.3333,1,acquired
755,CA,34.054935,-118.244476,90301,c:43480,Los Angeles,Los Angeles CA 90301,Mail.com Media Corporation,0,1/1/2004,1/1/2011,10/21/2008,10/21/2008,4.8082,4.8082,6.6027,6.7233,4,1,35000000,2,CA,1,0,0,0,0,web,0,1,0,0,0,0,0,0,0,0,c:43480,0,0,0,0,0,1,3.0,1,closed
361,CA,37.7776778,-122.3921102,94107,c:2178,San Francisco,,What They Like,0,8/29/2007,10/21/2011,8/29/2007,8/29/2007,0.0,0.0,,,2,1,990000,0,CA,1,0,0,0,0,web,0,1,0,0,0,0,0,0,0,0,c:2178,0,0,1,0,0,0,2.0,0,closed
821,CA,37.78505300000001,-122.287295,60606,c:46943,Chicago,Chicago CA 60606,Braintree,1,10/1/2007,,6/29/2011,9/17/2012,3.7452,4.9671,4.6822,4.8384,10,2,69000000,2,CA,1,0,0,0,0,software,1,0,0,0,0,0,0,0,0,0,c:46943,0,0,1,1,0,0,3.5,1,acquired
956,CA,37.536402,-122.325129,94403,c:5988,San Mateo,,B-hive Networks,1,1/1/2005,,8/25/2006,8/25/2006,1.6466,1.6466,,,4,2,7500000,0,CA,1,0,0,0,0,software,1,0,0,0,0,0,0,0,0,0,c:5988,0,1,1,0,0,0,2.0,1,acquired
318,CA,37.788266,-122.403865,94108,c:1923,San Francisco,,Lookery,1,8/1/2007,,2/7/2008,9/4/2008,0.5205,1.0959,0.2521,2.0575,12,2,3150000,2,CA,1,0,0,0,0,web,0,1,0,0,0,0,0,0,0,0,c:1923,0,1,1,0,0,0,11.5,1,acquired
1015,CA,34.147645000000004,-118.144478,91105,c:6854,Pasadena,Pasadena CA 91105,Loud3r,0,9/1/2007,7/15/2012,6/5/2009,12/28/2009,1.7616,2.326,0.8767,3.0274,12,2,3529175,3,CA,1,0,0,0,0,web,0,1,0,0,0,0,0,0,0,0,c:6854,1,0,1,0,0,0,1.0,0,closed
877,CA,37.77522800000001,-122.39963,94107,c:522,San Francisco,,Simple Star,1,1/1/2001,,8/1/2003,8/10/2005,2.5808,4.6082,0.5808,10.2219,3,2,7100000,3,CA,1,0,0,0,0,web,0,1,0,0,0,0,0,0,0,0,c:522,0,1,1,0,0,0,1.5,1,acquired
1082,CA,37.36883,-122.03635,94089,c:80433,Sunnyvale,Sunnyvale CA 94089,FlashSoft,1,11/25/2009,,6/28/2011,6/28/2011,1.589,1.589,1.1863,2.5452,6,1,3000000,2,CA,1,0,0,0,0,software,1,0,0,0,0,0,0,0,0,0,c:80433,0,0,1,0,0,0,2.0,1,acquired
1075,NY,42.961748,-78.870914,14217,c:79456,Kenmore,Kenmore NY 14217,TrustDegrees,0,3/1/2011,1/1/2012,4/17/2011,6/9/2011,0.1288,0.274,0.3068,0.3068,5,2,11000,1,NY,0,1,0,0,0,web,0,1,0,0,0,0,0,0,0,0,c:79456,0,1,0,0,0,0,1.0,0,closed
629,CA,37.398022,-122.049143,94043,c:3610,Mountain View,,Clearwell Systems,1,12/6/2004,5/19/2011,4/4/2006,8/22/2007,1.3259999999999998,2.7096,4.3699,6.462999999999999,6,2,29000000,3,CA,1,0,0,0,0,software,1,0,0,0,0,0,0,0,0,0,c:3610,0,0,0,1,1,0,2.5,1,acquired
539,CA,37.400945,-122.111318,94040-1309,c:30667,Mountain View,,Impeva,0,1/1/2004,3/16/2012,11/3/2008,11/3/2008,4.8438,4.8438,,,2,1,10000000,0,CA,1,0,0,0,0,software,1,0,0,0,0,0,0,0,0,0,c:30667,0,0,0,1,0,0,2.0,0,closed
946,CA,32.833501,-117.26162,92037,c:59054,La Jolla,La Jolla CA 92037,Nettle,0,10/4/2010,1/1/2012,8/11/2011,8/11/2011,0.8521,0.8521,0.0,2.9425,3,1,500000,3,CA,1,0,0,0,0,web,0,1,0,0,0,0,0,0,0,0,c:59054,0,1,0,0,0,0,3.0,1,closed
51,CA,37.787126,-122.39783,94105,c:1205,San Francisco,,Songbird,0,2/1/2006,6/28/2013,10/2/2006,1/27/2010,0.6658,3.989,5.0849,7.3699,27,3,11015719,4,CA,1,0,0,0,0,mobile,0,0,1,0,0,0,0,0,0,0,c:1205,1,0,1,0,0,0,2.0,1,closed
870,CA,37.779281,-122.419236,94110,c:51379,San Francisco,San Francisco CA 94110,1000memories,1,7/1/2010,,1/1/2010,2/16/2011,-0.4959,0.6301,0.589,3.011,8,2,2535000,2,CA,1,0,0,0,0,web,0,1,0,0,0,0,0,0,0,0,c:51379,0,1,1,0,0,0,5.0,1,acquired
749,NY,40.729839,-73.991781,10003,c:43263,New York,New York NY 10003,Feedtrace,1,8/10/2009,,3/1/2010,3/1/2010,0.5562,0.5562,-0.0247,1.9288,3,1,130000,2,NY,0,1,0,0,0,web,0,1,0,0,0,0,0,0,0,0,c:43263,0,1,0,0,0,0,1.0,0,acquired
250,CA,25.752358,-80.25468000000002,94104,c:1716,San Francisco,,Scrapblog,1,1/1/2006,,3/6/2006,2/5/2010,0.1753,4.0986,0.7342,5.0493,8,4,10000000,3,CA,1,0,0,0,0,web,0,1,0,0,0,0,0,0,0,0,c:1716,0,0,1,1,1,0,1.25,1,acquired
3,NY,40.775309,-73.98365600000002,10001,c:10137,New York,,Producteev,1,7/8/2008,,7/15/2008,2/1/2010,0.0192,1.5699,2.4849,4.8712,12,3,1310000,2,NY,0,1,0,0,0,software,1,0,0,0,0,0,0,0,0,0,c:10137,0,1,0,0,0,0,6.0,1,acquired
342,CA,38.904549,-77.061767,94104,c:2033,San Francisco,,HotPads,1,5/4/2005,,3/1/2007,3/1/2007,1.8247,1.8247,3.8959,5.9068,15,1,2300000,3,CA,1,0,0,0,0,web,0,1,0,0,0,0,0,0,0,0,c:2033,0,0,1,0,0,0,1.0,0,acquired
47,CA,37.571318,-122.267962,94404,c:11531,Foster City,,Right90,1,1/1/2003,,2/28/2005,9/23/2008,2.1616,5.7315,5.0027,5.0027,5,3,22000000,1,CA,1,0,0,0,0,software,1,0,0,0,0,0,0,0,0,0,c:11531,0,0,1,1,1,0,2.6667,1,acquired
927,CA,37.388869,-122.072353,94041,c:57338,Mountain View,Mountain View CA 94041,Votizen,1,3/19/2009,,9/23/2010,2/24/2012,1.5151,2.937,2.6384,3.8164,6,2,2250000,2,CA,1,0,0,0,0,web,0,1,0,0,0,0,0,0,0,0,c:57338,1,0,0,0,0,0,8.5,1,acquired
590,CA,37.553743,-122.300246,94402,c:334,San Mateo,,TalkPlus,0,2/1/2004,5/7/2008,10/1/2006,10/1/2006,2.6658,2.6658,,,6,1,5500000,0,CA,1,0,0,0,0,web,0,1,0,0,0,0,0,0,0,0,c:334,0,0,1,0,0,0,1.0,1,closed
983,CA,37.36883,-122.03635,94085,c:63053,Sunnyvale,Sunnyvale CA 94085,PasswordBank,1,1/1/2008,,3/1/2008,7/1/2009,0.1644,1.4986,3.1644,5.5479,6,2,3500000,2,CA,1,0,0,0,0,software,1,0,0,0,0,0,0,0,0,0,c:63053,0,1,1,0,0,0,1.0,0,acquired
1007,CA,37.433414,-122.128772,94306,c:668,Palo Alto,,SnapTell,1,1/1/2006,,6/7/2007,6/7/2007,1.4301,1.4301,2.3452,3.4575,5,1,4000000,3,CA,1,0,0,0,0,software,1,0,0,0,0,0,0,0,0,0,c:668,0,0,1,0,0,0,4.0,1,acquired
248,CA,37.409618,-122.017792,94089,c:17070,Sunnyvale,,CloudShield Technologies,1,1/1/2000,,10/28/2005,9/17/2007,5.8274,7.7151,10.0082,10.0082,11,2,25000000,1,CA,1,0,0,0,0,software,1,0,0,0,0,0,0,0,0,0,c:17070,1,0,0,0,0,0,4.5,1,acquired
1039,NY,40.73901,-73.997259,10011,c:7329,New York,New York NY 10011,Instinctiv,1,8/1/2007,,6/1/2008,5/5/2011,0.8356,3.7616,0.9041,0.9041,5,3,1420698,1,NY,0,1,0,0,0,mobile,0,0,1,0,0,0,0,0,0,0,c:7329,1,1,0,0,0,0,2.0,1,acquired
331,CA,37.441537,-122.158332,94301,c:19725,Palo Alto,Palo Alto CA 94301,Codesion,1,1/1/2002,,9/1/2007,7/1/2010,5.6685,8.5014,6.7534,8.0932,4,3,1400000,2,CA,1,0,0,0,0,software,1,0,0,0,0,0,0,0,0,0,c:19725,0,1,0,0,0,0,1.0,0,acquired
652,CA,37.76179550000001,-122.4092704,94110,c:3770,San Francisco,,Xoopit,1,1/1/2004,,12/1/2006,4/2/2008,2.9178,4.2548,2.0027,7.1699,4,2,6500000,3,CA,1,0,0,0,0,web,0,1,0,0,0,0,0,0,0,0,c:3770,0,0,1,0,0,0,7.0,1,acquired
283,CA,37.555962,-122.288006,94404,c:17738,San Mateo,,M-Factor,1,1/1/2003,,6/14/2007,2/10/2009,4.4521,6.1151,6.5863,6.5863,3,2,10100000,1,CA,1,0,0,0,0,software,1,0,0,0,0,0,0,0,0,0,c:17738,1,0,0,0,1,0,3.0,1,acquired
786,CA,37.354469,-121.990433,95051,c:45112,Santa Clara,Santa Clara CA 95051,Athena Design Systems,0,1/1/2003,1/1/2012,1/29/2007,1/29/2007,4.0795,4.0795,,,0,1,4000000,0,CA,1,0,0,0,0,software,1,0,0,0,0,0,0,0,0,0,c:45112,0,0,0,1,0,0,6.0,1,closed
376,CA,37.552262,-122.292146,94403,c:22726,San Mateo,,Servo Software,1,1/1/2008,,12/15/2009,12/15/2009,1.9562,1.9562,1.9562,2.0027,11,1,3011408,3,CA,1,0,0,0,0,software,1,0,0,0,0,0,0,0,0,0,c:22726,0,0,0,1,0,0,1.0,1,acquired
754,CA,37.551882,-122.313472,94402,c:43458,San Mateo,San Mateo CA 94402,Levanta,0,1/1/1998,5/9/2008,9/23/2007,9/23/2007,9.7315,9.7315,6.0027,6.0027,2,1,8000000,1,CA,1,0,0,0,0,software,1,0,0,0,0,0,0,0,0,0,c:43458,1,0,0,0,0,0,3.0,1,closed
669,CA,37.755068,-122.418026,94110,c:38337,San Francisco,,about.me,1,2/5/2013,,2/5/2013,2/5/2013,0.0,0.0,-1.8027,-0.0959,21,1,5675000,2,CA,1,0,0,0,0,web,0,1,0,0,0,0,0,0,0,0,c:38337,1,0,0,0,0,0,4.0,1,acquired
37,CA,37.445326,-122.160671,94301,c:1111,Palo Alto,,EchoSign,1,7/15/2005,,10/1/2005,10/1/2007,0.2137,2.2137,4.6301,5.5534,8,2,8500000,3,CA,1,0,0,0,0,web,0,1,0,0,0,0,0,0,0,0,c:1111,0,0,1,1,0,0,1.0,1,acquired
294,CA,37.441537,-122.158332,94301,c:179507,Palo Alto,Palo Alto CA 94301,ScaleIO,1,1/1/2011,,12/4/2012,12/4/2012,1.926,1.926,1.6685,2.4658,1,1,12000000,2,CA,1,0,0,0,0,software,1,0,0,0,0,0,0,0,0,0,c:179507,1,0,0,0,0,0,2.0,1,acquired
189,CA,37.381876,-121.95993,95054,c:16134,Santa Clara,,Kickfire,0,1/1/2006,6/17/2010,7/31/2008,7/31/2008,2.5808,2.5808,3.0027,4.6082,4,1,20000000,2,CA,1,0,0,0,0,software,1,0,0,0,0,0,0,0,0,0,c:16134,0,0,0,1,0,0,4.0,1,closed
477,CA,37.5568425,-122.2884881,94404,c:27339,San Mateo,,Aptana,1,1/1/2007,,7/14/2009,7/14/2009,2.5342,2.5342,-1.2521,4.0493,3,1,7800000,2,CA,1,0,0,0,0,software,1,0,0,0,0,0,0,0,0,0,c:27339,1,0,0,0,0,0,2.0,1,acquired
1142,CA,37.2624049,-121.95770520000002,95008,c:9665,Campbell,,Atrua Technologies,1,1/1/2000,,12/7/2006,2/25/2009,6.937,9.1589,6.0055,6.0055,6,3,13000000,1,CA,1,0,0,0,0,mobile,0,0,1,0,0,0,0,0,0,0,c:9665,0,0,0,0,0,1,3.0,1,acquired
302,CA,37.293687,-121.934573,95008,c:18163,Campbell,,Casabi,1,1/1/2004,,12/19/2005,3/12/2007,1.9671,3.1945,2.2493,2.2493,5,2,12800000,1,CA,1,0,0,0,0,mobile,0,0,1,0,0,0,0,0,0,0,c:18163,0,0,1,1,0,0,2.5,1,acquired
114,NY,40.73901,-73.997259,10011,c:14345,New York,New York NY 10011,Peek & Co,0,11/1/2007,2/22/2013,1/1/2008,8/12/2011,0.1671,3.7808,3.8356,6.1178,6,2,626096,3,NY,0,1,0,0,0,mobile,0,0,1,0,0,0,0,0,0,0,c:14345,1,0,1,0,0,0,1.0,1,closed
978,CA,37.4210225,-122.1377411,94301,c:62269,Palo Alto,,GoPollGo,1,1/1/2011,,7/27/2011,7/27/2011,0.5671,0.5671,0.5671,2.3534,5,1,425000,3,CA,1,0,0,0,0,web,0,1,0,0,0,0,0,0,0,0,c:62269,0,1,0,0,0,0,2.0,1,acquired
665,CA,32.833501,-117.26162,92037,c:38196,La Jolla,La Jolla CA 92037,Ortiva Wireless,1,1/1/2004,,2/1/2005,10/4/2011,1.0877,7.7616,6.8849,6.8849,9,5,40000000,1,CA,1,0,0,0,0,mobile,0,0,1,0,0,0,0,0,0,0,c:38196,1,0,1,1,1,0,4.0,1,acquired
899,CA,37.78699829999999,-122.400893,94107,c:54465,San Francisco,,Kima Labs,1,1/1/2010,,8/1/2010,8/1/2010,0.5808,0.5808,0.0,2.1315,3,1,770000,3,CA,1,0,0,0,0,mobile,0,0,1,0,0,0,0,0,0,0,c:54465,0,1,0,0,0,0,6.0,1,acquired
15,CA,40.730646,-73.986614,94111,c:1042,San Francisco,,Whiskey Media,1,10/1/2007,,3/24/2009,12/31/2009,1.4795,2.2521,2.2521,2.2521,6,2,4000000,1,CA,1,0,0,0,0,web,0,1,0,0,0,0,0,0,0,0,c:1042,1,0,0,0,0,0,1.0,0,acquired
686,CA,37.504764,-122.259568,94085,c:3950,Sunnyvale,,Cotendo,1,1/1/2008,,1/1/2008,6/15/2011,0.0,3.4548,2.0247,3.9753,9,4,36000000,3,CA,1,0,0,0,0,software,1,0,0,0,0,0,0,0,0,0,c:3950,0,0,1,1,1,1,3.0,1,acquired
965,CA,37.445586,-122.161929,94301-1705,c:60457,Palo Alto,Palo Alto CA 94301-1705,Particle Code,1,5/1/2010,,6/30/2010,6/30/2010,0.1644,0.1644,1.4822,1.4822,3,1,3000000,1,CA,1,0,0,0,0,software,1,0,0,0,0,0,0,0,0,0,c:60457,1,0,0,0,0,0,1.0,0,acquired
1068,CA,37.7710177,-122.4025976,94103,c:7748,San Francisco,,Flowgram,0,6/1/2007,6/11/2008,1/31/2008,1/31/2008,0.6685,0.6685,0.7973,5.2849,1,1,1300000,3,CA,1,0,0,0,0,web,0,1,0,0,0,0,0,0,0,0,c:7748,0,1,0,0,0,0,8.0,1,closed
1028,NY,40.74406,-74.004592,10012,c:714,New York,,Behance,1,2/1/2006,,5/14/2012,5/14/2012,6.2849,6.2849,5.7507,7.3068,15,1,6500000,3,NY,0,1,0,0,0,web,0,1,0,0,0,0,0,0,0,0,c:714,0,0,1,0,0,0,8.0,1,acquired
99,CA,32.9388917,-117.2398594,92130,c:13734,San Diego,,Imagine Communications,1,1/1/2005,,1/1/2005,4/20/2010,0.0,5.3014,5.0027,5.0027,17,4,34700000,1,CA,1,0,0,0,0,software,1,0,0,0,0,0,0,0,0,0,c:13734,1,0,1,1,0,0,2.25,1,acquired
726,CA,37.440682,-122.123103,94303,c:42112,Palo Alto,Palo Alto CA 94303,Moonshoot,0,1/1/2007,2/1/2012,2/18/2010,4/1/2012,3.1342,5.2521,3.1342,3.5425,6,2,6760000,2,CA,1,0,0,0,0,web,0,1,0,0,0,0,0,0,0,0,c:42112,1,0,0,0,0,0,1.5,1,closed
191,CA,37.31679000000001,-122.05079,95014,c:16178,Cupertino,,ArcSight,1,1/1/2000,,1/1/2000,6/30/2006,0.0,6.4986,0.337,10.0082,24,3,26914000,3,CA,1,0,0,0,0,software,1,0,0,0,0,0,0,0,0,0,c:16178,0,0,1,1,1,0,6.0,1,acquired
181,CA,37.3867729,-122.07522240000002,94041,c:1600,Mountain View,,Kosmix,1,1/1/2005,,11/1/2005,12/8/2008,0.8329,3.937,3.4822,7.6658,26,4,55000000,5,CA,1,0,0,0,0,web,0,1,0,0,0,0,0,0,0,0,c:1600,0,0,1,1,1,1,2.75,1,acquired
53,NY,40.729839,-73.991781,10003,c:12071,New York,New York NY 10003,Xtify Inc.,1,4/1/2009,,5/1/2010,2/7/2012,1.0822,2.8548,1.611,4.5096,9,2,5686383,3,NY,0,1,0,0,0,mobile,0,0,1,0,0,0,0,0,0,0,c:12071,0,0,1,0,0,0,2.0,0,acquired
1141,CA,37.780134,-122.396744,94107,c:96,San Francisco,,iSkoot,1,4/22/2005,,11/29/2006,11/7/2008,1.6055,3.5479,,,10,3,32200000,0,CA,1,0,0,0,0,mobile,0,0,1,0,0,0,0,0,0,0,c:96,0,0,1,1,1,0,4.0,1,acquired
589,CA,37.556732,-122.288378,94404,c:33198,San Francisco,,Causata,1,1/1/2009,,10/5/2009,11/1/2011,0.7589,2.8329,0.7589,3.8356,12,2,15500000,2,CA,1,0,0,0,0,software,1,0,0,0,0,0,0,0,0,0,c:33198,0,0,1,1,0,0,1.0,1,acquired
